,1,1l,1r,1s,2,2l,2r,2s,3,3l,3r,3s,4,4l,4r,4s,id,1_2,1_3,1_4,2_1,2_3,2_4,3_1,3_2,3_4,4_1,4_2,4_3,real_0,real_1,real_2,real_3,wait0,travel0,stop0,timeloss0,speed0,wait1,travel1,stop1,timeloss1,speed1,wait2,travel2,stop2,timeloss2,speed2,wait3,travel3,stop3,timeloss3,speed3,wait4,travel4,stop4,timeloss4,speed4,time,performance measure
0,4,1,1,2,4,1,1,2,3,1,1,1,4,1,1,2,real,225,409,158,158,82,468,551,132,113,90,537,105,15,30,15,30,45.54616895874263,103.08349705304519,1.038310412573674,57.45671905697444,7.365710990160807,34.72549019607843,90.13235294117646,0.8696078431372549,44.48088235294124,7.783954724834886,35.46786389413989,91.2117202268431,0.9017013232514177,45.599281663515974,7.683062865608342,30.89662447257384,85.72784810126582,0.8227848101265823,40.125822784810126,7.97306117484313,31.07471264367816,86.05842911877394,0.8362068965517241,40.449252873563225,7.938605326536108,2.9373483657836914,13.753979324254356
0,4,1,1,2,4,1,1,2,3,1,1,1,4,1,1,2,real,225,409,158,158,82,468,551,132,113,90,537,105,13,30,15,30,51.3741362290227,109.89930898321816,1.1105626850937809,64.28870681145115,7.418944198055449,34.76545632973504,90.1638861629048,0.8783120706575074,44.52093228655549,7.729611956057354,35.51149425287356,91.09770114942529,0.8840996168582376,45.47204022988507,7.722354421020262,30.080593849416754,84.57370095440085,0.809119830328738,38.969777306468764,8.038724503924751,28.15067178502879,82.68234165067179,0.7869481765834933,37.07168905950097,8.16327417409545,2.9533896446228027,13.537569273817644
0,4,1,1,2,4,1,1,2,3,1,1,1,4,1,1,2,real,225,409,158,158,82,468,551,132,113,90,537,105,15,28,15,30,49.40944881889764,108.52165354330708,1.125984251968504,62.35759842519682,7.341360133677126,41.143992055610724,98.28798411122145,1.0198609731876862,52.59623634558091,7.46838522917323,41.876555023923444,98.94641148325358,1.0,53.32325358851682,7.454179821852135,36.141176470588235,91.90374331550802,0.9144385026737968,46.297251336898405,7.64754127738796,32.274566473988436,87.6319845857418,0.8583815028901735,42.009210019267776,7.958581298656324,2.9790432453155518,21.318259886312838
0,4,1,1,2,4,1,1,2,3,1,1,1,4,1,1,2,real,225,409,158,158,82,468,551,132,113,90,537,105,15,30,17,30,50.12787212787213,108.79020979020979,1.1028971028971029,63.039940059940115,7.194509361491739,37.83764940239044,93.90836653386454,0.9372509960159362,48.27683266932269,7.579211975980541,37.0,92.79538904899135,0.9020172910662824,47.16510086455336,7.630037527165477,33.24439701173959,88.25933831376734,0.847385272145144,42.63621131270011,7.753380808557787,30.679190751445088,85.45472061657033,0.802504816955684,39.811377649325635,7.938749543089735,2.926907777786255,17.649826428110114
0,4,1,1,2,4,1,1,2,3,1,1,1,4,1,1,2,real,225,409,158,158,82,468,551,132,113,90,537,105,15,30,15,29,42.24271844660194,98.91359223300971,0.9825242718446602,53.287621359223316,7.492575409699234,33.639842983316974,88.88812561334642,0.8606476938174681,43.22767419038265,7.796018364384873,34.28867924528302,89.68962264150943,0.8632075471698113,44.07296226415091,7.753106530680933,30.58613445378151,85.24894957983193,0.8245798319327731,39.637815126050434,7.97700233700693,29.947718631178706,84.77756653992395,0.8279467680608364,39.16242395437262,7.96029265342055,2.8596935272216797,11.545580731139253
0,4,1,1,2,4,1,1,2,3,1,1,1,4,1,1,2,real,225,409,158,158,82,468,551,132,113,90,537,105,13,30,15,29,49.3448275862069,107.19901477832512,1.0807881773399015,61.5893201970443,7.410550215894442,34.741106719367586,90.06126482213439,0.883399209486166,44.4316205533597,7.7509659228667225,34.412940057088484,89.87535680304472,0.8915318744053282,44.27825880114177,7.73607280426226,29.84468085106383,84.45106382978723,0.798936170212766,38.79824468085105,8.02781480971371,28.11047619047619,82.64761904761905,0.7904761904761904,37.017438095238035,8.082729443902696,2.9529244899749756,12.830597462902437
0,4,1,1,2,4,1,1,2,3,1,1,1,4,1,1,2,real,225,409,158,158,82,468,551,132,113,90,537,105,15,28,15,29,50.72376237623762,110.27029702970297,1.1712871287128712,64.07032673267332,7.2599435947250175,40.10427010923535,96.95431976166832,0.9990069513406157,51.27781529294934,7.500777917490089,40.26335877862596,97.16603053435115,1.001908396946565,51.573110687022954,7.46860074335126,34.94770544290288,90.60832443970118,0.9082177161152615,44.968495197438635,7.661346212134962,31.85645933014354,87.14832535885168,0.8497607655502393,41.52537799043063,7.902208569902521,2.9374847412109375,20.84370534964736
0,4,1,1,2,4,1,1,2,3,1,1,1,4,1,1,2,real,225,409,158,158,82,468,551,132,113,90,537,105,15,30,14,29,40.952334630350194,97.4464980544747,0.9708171206225681,51.81703307392995,7.53414657689103,32.671246319921494,87.75662414131502,0.8527968596663396,42.10114818449462,7.800165618982431,34.484270734032414,89.93326978074357,0.871306005719733,44.2835938989514,7.721046277640481,29.333686440677965,83.82944915254237,0.801906779661017,38.22430084745761,8.020822040494044,28.12763915547025,82.71401151631478,0.7859884836852208,37.088915547024975,8.17589219938254,2.8906006813049316,9.831825102297035
0,4,1,1,2,4,1,1,2,3,1,1,1,4,1,1,2,real,225,409,158,158,82,468,551,132,113,90,537,105,15,30,15,27,42.876699029126215,100.03398058252426,1.0087378640776699,54.394048543689266,7.393487715547394,32.36211972522081,87.63984298331698,0.8577036310107949,42.02000000000005,7.805854835990965,32.996212121212125,88.35700757575758,0.8702651515151515,42.72496212121211,7.727974766353427,28.451851851851853,82.9015873015873,0.7936507936507936,37.25638095238092,8.052566451986769,28.18857142857143,82.80952380952381,0.7942857142857143,37.17193333333329,8.089750768231346,2.8907344341278076,10.209119374322185
0,4,1,1,2,4,1,1,2,3,1,1,1,4,1,1,2,real,225,409,158,158,82,468,551,132,113,90,537,105,14,30,14,29,46.75466143277723,104.23552502453386,1.056918547595682,58.593925417075546,7.4178436882427405,33.36489151873767,88.56607495069034,0.873767258382643,42.954743589743615,7.788618459268376,32.03619047619048,87.05047619047619,0.8504761904761905,41.450800000000044,7.840078647466655,29.640889830508474,84.18961864406779,0.8103813559322034,38.55729872881353,8.025347089543441,28.164761904761903,82.72,0.7942857142857143,37.09767619047616,8.095846074648925,2.8750038146972656,11.016871043613358
0,4,1,1,2,4,1,1,2,3,1,1,1,4,1,1,2,real,225,409,158,158,82,468,551,132,113,90,537,105,15,31,14,29,39.806576402321085,96.09187620889749,0.9400386847195358,50.45322050290136,7.610485003596206,32.7265625,87.720703125,0.8486328125,42.072773437500054,7.834008231811519,33.436260623229465,88.77053824362606,0.8498583569405099,43.164721435316295,7.7972167502131144,28.992639327024186,83.38801261829653,0.8002103049421662,37.78562565720298,8.111458037422976,27.904852521408184,82.31779257849666,0.796384395813511,36.70951474785921,8.10014311337778,2.9061779975891113,8.751162282020157
0,4,1,1,2,4,1,1,2,3,1,1,1,4,1,1,2,real,225,409,158,158,82,468,551,132,113,90,537,105,15,30,14,28,42.734892787524366,99.83430799220272,1.00682261208577,54.1881871345029,7.415786222779757,32.1897738446411,87.36578171091445,0.856440511307768,41.73987217305804,7.81062378158005,32.7685009487666,88.07590132827325,0.8690702087286527,42.44398481973435,7.756403714704336,28.37923728813559,82.85381355932203,0.784957627118644,37.19613347457625,8.05939510275527,28.10952380952381,82.66666666666667,0.7914285714285715,37.04296190476187,8.108287094901598,2.9062654972076416,9.858302418033805
0,4,1,1,2,4,1,1,2,3,1,1,1,4,1,1,2,real,225,409,158,158,82,468,551,132,113,90,537,105,16,31,14,29,38.851851851851855,95.10038986354776,0.9337231968810916,49.476072124756335,7.497609227011456,32.314453125,87.3798828125,0.837890625,41.72673828124996,7.902481570297795,34.22211720226843,89.79962192816635,0.8790170132325141,44.1617296786389,7.7439803849288005,28.561181434599156,83.08755274261604,0.7858649789029536,37.469525316455695,8.115156766497035,30.657088122605366,85.566091954023,0.8342911877394636,39.95866858237548,7.948086448043671,2.9220831394195557,9.772079066613113
0,4,1,1,2,4,1,1,2,3,1,1,1,4,1,1,2,real,225,409,158,158,82,468,551,132,113,90,537,105,15,33,14,29,37.543052837573384,93.12622309197651,0.898238747553816,47.504442270058725,7.715599400103835,30.126705653021443,84.84502923976608,0.7894736842105263,39.16979532163739,8.023905896092806,32.37309160305343,87.44370229007633,0.8301526717557252,41.81079198473285,7.864087588624769,28.768421052631577,83.21684210526315,0.7957894736842105,37.565452631578964,8.114240756007106,28.050863723608444,82.33685220729366,0.7715930902111324,36.7222648752399,8.12375554902777,2.9685776233673096,6.510551407162575
0,4,1,1,2,4,1,1,2,3,1,1,1,4,1,1,2,real,225,409,158,158,82,468,551,132,113,90,537,105,15,31,13,29,38.27589545014521,94.27783155856729,0.9293320425943853,48.64402710551796,7.6523083132519485,30.548828125,85.3408203125,0.8154296875,39.684384765625,7.917384838153693,31.77047619047619,86.79714285714286,0.8285714285714286,41.17010476190474,7.914683071541977,28.202959830866806,82.55496828752642,0.7896405919661733,36.948742071881576,8.12871905562985,26.757430488974112,81.10546500479387,0.7708533077660594,35.486414189836985,8.246057613796536,2.953049659729004,6.296939819358078
0,4,1,1,2,4,1,1,2,3,1,1,1,4,1,1,2,real,225,409,158,158,82,468,551,132,113,90,537,105,15,31,14,30,41.9892578125,98.5146484375,0.9716796875,52.875312500000064,7.479523239891146,32.21170731707317,87.05853658536586,0.833170731707317,41.398556097561006,7.924219564022202,33.612264150943396,89.01320754716981,0.8754716981132076,43.380698113207565,7.782275922417063,29.54957805907173,84.18565400843882,0.8027426160337553,38.59098101265824,8.062068983143844,29.82758620689655,84.59578544061303,0.8189655172413793,38.9866954022989,8.01585184751693,2.9063241481781006,10.145687289835134
0,4,1,1,2,4,1,1,2,3,1,1,1,4,1,1,2,real,225,409,158,158,82,468,551,132,113,90,537,105,14,31,13,29,42.93255131964809,99.6891495601173,0.9882697947214076,54.04645161290319,7.600055476496928,31.808070866141733,86.78248031496064,0.8405511811023622,41.15476377952757,7.906805503125391,31.138783269961976,86.05893536121673,0.8365019011406845,40.44911596958173,7.895746165686701,28.527041357370095,82.8865323435843,0.7836691410392365,37.24683987274652,8.132266184518613,26.86964795432921,81.25689819219791,0.7764034253092293,35.626032350142744,8.19503259715334,2.874912977218628,7.8749873004534265
0,4,1,1,2,4,1,1,2,3,1,1,1,4,1,1,2,real,225,409,158,158,82,468,551,132,113,90,537,105,15,33,13,29,38.028210116731515,93.97178988326849,0.9027237354085603,48.33245136186774,7.675398980915606,29.78509196515005,84.31461761858664,0.7928363988383349,38.687434656340706,8.064380370910563,31.477358490566036,86.48490566037736,0.8320754716981132,40.85883018867916,7.917863427348289,28.209473684210526,82.58947368421053,0.7747368421052632,36.976473684210504,8.175675516301274,27.365019011406844,81.69581749049429,0.7813688212927756,36.08411596958177,8.145920812154957,2.7187891006469727,5.852842652126088
0,4,1,1,2,4,1,1,2,3,1,1,1,4,1,1,2,real,225,409,158,158,82,468,551,132,113,90,537,105,15,31,15,29,42.3173828125,98.9765625,0.9765625,53.33178710937496,7.444255920969697,32.4766081871345,87.49220272904483,0.8352826510721247,41.849278752436724,7.89811677050361,33.93478260869565,89.41020793950851,0.8780718336483931,43.77635160680514,7.766749169623189,29.679324894514767,84.35337552742617,0.8006329113924051,38.74548523206749,8.044613087259405,29.980842911877396,84.78448275862068,0.8247126436781609,39.172078544061314,7.980633228894183,2.8907415866851807,10.73462993641987
0,4,1,1,2,4,1,1,2,3,1,1,1,4,1,1,2,real,225,409,158,158,82,468,551,132,113,90,537,105,15,31,13,28,37.17248062015504,93.03682170542636,0.9001937984496124,47.38459302325577,7.691531511614722,30.771568627450982,85.59901960784313,0.8303921568627451,39.97772549019615,7.903437365219007,30.262759924385634,85.14650283553875,0.8289224952741021,39.52075614366723,7.943359585202649,27.61627906976744,81.96723044397463,0.773784355179704,36.309735729386894,8.132788863299258,27.056190476190476,81.41904761904762,0.780952380952381,35.80156190476191,8.188759708976223,2.890733242034912,5.713970373742387
0,4,1,1,2,4,1,1,2,3,1,1,1,4,1,1,2,real,225,409,158,158,82,468,551,132,113,90,537,105,13,31,13,28,44.5732421875,101.7041015625,1.03515625,56.06164062499999,7.520138619724427,29.9333986287953,84.77473065621939,0.8334965719882468,39.18437806072478,8.016653671258148,31.214629451395574,86.11838306063522,0.8575553416746872,40.51441770933591,8.02928699270858,28.98833510074231,83.38918345705196,0.799575821845175,37.77643690349947,8.170603857154285,26.111428571428572,80.23809523809524,0.7733333333333333,34.647980952380976,8.225367883488756,2.8747289180755615,7.3207967462319745
0,4,1,1,2,4,1,1,2,3,1,1,1,4,1,1,2,real,225,409,158,158,82,468,551,132,113,90,537,105,15,33,13,28,35.6124031007752,91.15213178294573,0.874031007751938,45.497189922480636,7.893462686534372,29.79494655004859,84.39261418853256,0.8056365403304179,38.759630709426716,8.020523696194333,30.636192271442034,85.38925541941565,0.8011310084825636,39.78728557964191,8.002893066910762,27.426160337552744,81.61919831223629,0.7721518987341772,35.99975738396629,8.242706095843538,26.691943127962084,80.94123222748816,0.7791469194312797,35.334047393364884,8.194658603572218,2.8749845027923584,3.990398088013234
0,4,1,1,2,4,1,1,2,3,1,1,1,4,1,1,2,real,225,409,158,158,82,468,551,132,113,90,537,105,15,31,12,28,37.841796875,93.859375,0.9345703125,48.21539062499994,7.655323700606942,29.678817733990147,84.28866995073892,0.8266009852216749,38.67889655172421,7.950404648823324,30.547115384615385,85.44615384615385,0.8317307692307693,39.844201923076945,8.004139741966846,26.287380699893955,80.35312831389183,0.7539766702014846,34.727221633085904,8.285697334389521,26.228927203065133,80.5316091954023,0.7557471264367817,34.92001915708811,8.234229987757526,2.8125391006469727,4.636196434149056
0,4,1,1,2,4,1,1,2,3,1,1,1,4,1,1,2,real,225,409,158,158,82,468,551,132,113,90,537,105,14,33,13,28,39.77299412915851,95.87769080234834,0.9197651663405088,50.28248532289633,7.865550633718543,29.364522417153996,83.92202729044834,0.7933723196881092,38.28531189083822,8.033577639653966,30.154580152671755,84.8587786259542,0.8005725190839694,39.22828244274815,8.050277858848604,28.336507936507935,82.60529100529101,0.7894179894179895,36.997100529100514,8.171918091983752,25.146806482364155,79.1534795042898,0.7492850333651097,33.54915157292664,8.367680657624469,2.8129148483276367,4.3054436820076685
0,4,1,1,2,4,1,1,2,3,1,1,1,4,1,1,2,real,225,409,158,158,82,468,551,132,113,90,537,105,15,34,13,28,36.75949367088607,92.38851022395326,0.8860759493670886,46.73652385589094,7.780867117829066,28.97676669893514,83.40948693126815,0.7812197483059051,37.76996127783165,8.13745644622826,30.562381852551987,85.23345935727788,0.8194706994328923,39.63681474480154,8.000835088227273,27.440251572327043,81.71069182389937,0.7620545073375262,36.10923480083857,8.239795889154257,27.24452901998097,81.56803044719315,0.7697431018078021,35.956137012369204,8.165474993305459,2.8433303833007812,4.213176687229731
0,4,1,1,2,4,1,1,2,3,1,1,1,4,1,1,2,real,225,409,158,158,82,468,551,132,113,90,537,105,15,33,11,28,34.94094869312681,90.40367860600193,0.8654404646660213,44.74969990319449,7.877386579790609,28.86159844054581,83.33333333333333,0.7962962962962963,37.72234892787532,8.037253013087652,28.070955534531695,82.49290444654683,0.7899716177861873,36.88879848628191,8.156898149605627,26.977801268498943,81.223044397463,0.7674418604651163,35.571310782241,8.205459262554095,25.475737392959086,79.60038058991437,0.7469077069457659,33.969105613701196,8.315396378834638,2.828021287918091,2.225881506906654
0,4,1,1,2,4,1,1,2,3,1,1,1,4,1,1,2,real,225,409,158,158,82,468,551,132,113,90,537,105,14,33,11,28,37.63271302644466,93.44074436826641,0.9079333986287953,47.77349657198829,7.853233127889573,28.411012782694197,82.80334316617503,0.8043264503441495,37.185840707964594,8.118937500224238,29.900386847195357,84.56769825918762,0.8201160541586073,38.98163442940045,8.135775964263722,27.55154091392136,81.71519659936239,0.7757704569606801,36.077056323060646,8.261963118922926,25.207094918504314,79.29817833173537,0.7392138063279002,33.668312559923336,8.336425820501729,2.828521966934204,2.9523610813409875
0,4,1,1,2,4,1,1,2,3,1,1,1,4,1,1,2,real,225,409,158,158,82,468,551,132,113,90,537,105,15,35,11,28,34.4529582929195,89.76042677012609,0.8603297769156159,44.10263821532499,8.000758706717145,28.711650485436895,83.07961165048543,0.7864077669902912,37.454242718446615,8.148377935441376,29.443289224952743,83.91493383742912,0.779773156899811,38.31978260869571,8.119471116781398,26.697993664202745,80.75607180570222,0.7613516367476241,35.141045406547015,8.328964313023928,25.413498098859314,79.50475285171103,0.7585551330798479,33.895190114068456,8.328642106328005,2.8746256828308105,1.550731026507077
0,4,1,1,2,4,1,1,2,3,1,1,1,4,1,1,2,real,225,409,158,158,82,468,551,132,113,90,537,105,15,33,11,30,35.63565891472868,91.1686046511628,0.8788759689922481,45.51671511627908,7.900208050039542,29.678328474246843,84.24392614188532,0.7998056365403304,38.60708454810494,8.045530478061696,30.269811320754716,84.93490566037735,0.7990566037735849,39.331575471698116,8.04337627902253,26.98521647307286,81.1752903907075,0.7624076029567054,35.55978880675817,8.287196168875811,26.285578747628083,80.53415559772296,0.7694497153700189,34.923766603415544,8.239091773718135,2.9218292236328125,3.3805709889357587
0,4,1,1,2,4,1,1,2,3,1,1,1,4,1,1,2,real,225,409,158,158,82,468,551,132,113,90,537,105,13,35,11,28,40.763956904995105,96.95396669931439,0.9333986287952988,51.33505386875619,7.953951547968354,30.01270772238514,84.47311827956989,0.8093841642228738,38.84514173998045,8.098610204986638,28.83142857142857,83.30571428571429,0.7980952380952381,37.7112761904762,8.202515974004635,28.265111346765643,82.57051961823966,0.7730646871686108,36.92506892895014,8.206887637733047,25.26952380952381,79.31619047619047,0.7438095238095238,33.712190476190415,8.331404940709081,2.922297954559326,3.7371612610022282
0,4,1,1,2,4,1,1,2,3,1,1,1,4,1,1,2,real,225,409,158,158,82,468,551,132,113,90,537,105,15,37,11,28,35.4580078125,90.736328125,0.861328125,45.10406249999995,7.887364974503648,27.446601941747574,81.73980582524271,0.7524271844660194,36.079873786407745,8.276538133885735,29.811483253588516,84.31004784688996,0.7760765550239235,38.707846889952144,8.110428824756127,27.257082896117524,81.47429171038824,0.7785939139559287,35.84738719832107,8.255643572220041,26.2464046021093,80.11313518696069,0.7325023969319271,34.49476510067108,8.316202942662109,2.890251636505127,1.9823648428409997
0,4,1,1,2,4,1,1,2,3,1,1,1,4,1,1,2,real,225,409,158,158,82,468,551,132,113,90,537,105,15,35,9,28,33.35271317829457,88.57170542635659,0.8381782945736435,42.91703488372086,8.023661587535766,27.14814814814815,81.3411306042885,0.7709551656920078,35.7053606237817,8.210704492122957,27.109952606635073,81.39146919431279,0.776303317535545,35.788919431279595,8.259117488500532,26.437632135306554,80.55179704016913,0.7568710359408034,34.901321353065555,8.288898266129863,24.903041825095055,78.8754752851711,0.7357414448669202,33.24231939163502,8.401033097705659,2.7813239097595215,-0.22051435392993426
0,4,1,1,2,4,1,1,2,3,1,1,1,4,1,1,2,real,225,409,158,158,82,468,551,132,113,90,537,105,15,35,11,27,33.32330097087379,88.55533980582524,0.845631067961165,42.927077669902914,8.001330037755427,28.716796875,83.1181640625,0.7783203125,37.47360351562496,8.094582271569152,29.171755725190838,83.7824427480916,0.7862595419847328,38.16458969465649,8.11575452325078,26.97568710359408,81.0507399577167,0.7653276955602537,35.44430232558141,8.260253949768977,24.109628217349858,77.95042897998093,0.7292659675881792,32.34139180171591,8.462731797582562,2.828021287918091,1.0221179509690983
0,4,1,1,2,4,1,1,2,3,1,1,1,4,1,1,2,real,225,409,158,158,82,468,551,132,113,90,537,105,16,35,9,28,31.53875968992248,86.60562015503876,0.8255813953488372,40.97576550387594,8.049679156774484,27.768707482993197,82.12439261418854,0.7687074829931972,36.47065111758994,8.133721683143012,28.1453154875717,82.5793499043977,0.7762906309751434,36.94767686424476,8.190132311917559,26.565400843881857,80.59177215189874,0.7584388185654009,34.992352320675124,8.298981566187988,24.73212583412774,78.62154432793136,0.7407054337464252,33.02584366062921,8.419140535224816,2.859333038330078,-0.07877467580469784
0,4,1,1,2,4,1,1,2,3,1,1,1,4,1,1,2,real,225,409,158,158,82,468,551,132,113,90,537,105,15,34,9,28,33.77582846003899,89.07699805068226,0.8615984405458089,43.41981481481479,7.984450654493939,27.361764705882354,81.65,0.7852941176470588,36.03551960784312,8.170640819157438,28.666345226615235,83.13500482160077,0.8090646094503375,37.55208293153329,8.195151896969932,25.765079365079366,79.71322751322751,0.7470899470899471,34.083999999999996,8.367812729011288,25.486590038314176,79.53831417624521,0.7413793103448276,33.91661877394631,8.330042969916958,2.8438901901245117,0.5265107732520391
0,4,1,1,2,4,1,1,2,3,1,1,1,4,1,1,2,real,225,409,158,158,82,468,551,132,113,90,537,105,15,35,9,29,33.25994180407371,88.41513094083415,0.8448108632395732,42.78641125121242,8.020633011565526,28.485881207400194,82.83739045764362,0.7789678675754625,37.191071080817906,8.134290299920972,28.9282982791587,83.45028680688337,0.7810707456978967,37.82953154875713,8.16193737850753,26.676532769556026,80.7262156448203,0.7600422832980972,35.11893234672304,8.300802113797678,24.168893129770993,78.03053435114504,0.7299618320610687,32.44024809160305,8.480155239567297,2.8752541542053223,0.49627555354729225
0,4,1,1,2,4,1,1,2,3,1,1,1,4,1,1,2,real,225,409,158,158,82,468,551,132,113,90,537,105,17,35,9,28,29.699226305609283,84.47388781431334,0.7978723404255319,38.82716634429404,8.13484870309084,27.291666666666668,81.5436046511628,0.7664728682170543,35.90132751937986,8.200671252849638,27.677966101694917,81.95856873822976,0.763653483992467,36.371478342749555,8.173874387361762,25.867864693446087,79.88794926004228,0.7526427061310782,34.25378435517975,8.349356324727866,25.555977229601517,79.67647058823529,0.7571157495256167,34.07376660341559,8.333571950745863,2.859067440032959,-0.8765490271552465
0,4,1,1,2,4,1,1,2,3,1,1,1,4,1,1,2,real,225,409,158,158,82,468,551,132,113,90,537,105,16,36,9,28,30.44927536231884,85.28405797101449,0.8077294685990338,39.64942028985512,8.129300730904864,27.61844660194175,81.86310679611651,0.7689320388349514,36.23469902912624,8.212445456034372,29.046313799621927,83.5085066162571,0.777882797731569,37.90270321361059,8.137461501317555,25.61246040126716,79.59239704329461,0.7465681098204857,33.967740232312565,8.385173993982145,25.28869895536562,79.4017094017094,0.7502374169040835,33.80788224121551,8.353362799977086,2.844036102294922,-0.5055333987536216
0,4,1,1,2,4,1,1,2,3,1,1,1,4,1,1,2,real,225,409,158,158,82,468,551,132,113,90,537,105,16,35,10,28,30.910144927536233,85.82415458937199,0.8106280193236715,40.195082125603854,8.07687860639238,28.173955296404277,82.48785228377065,0.7745383867832848,36.860709426627814,8.150609951937332,29.246458923512748,83.73087818696884,0.7809254013220018,38.11825306893298,8.113402405675943,25.53854276663147,79.51319957761352,0.7465681098204857,33.89565997888073,8.386988860136377,25.34377967711301,79.44539411206078,0.7559354226020892,33.851310541310525,8.336417354582819,2.8589699268341064,0.07170139250744967
0,4,1,1,2,4,1,1,2,3,1,1,1,4,1,1,2,real,225,409,158,158,82,468,551,132,113,90,537,105,19,35,9,28,28.700787401574804,83.24606299212599,0.7933070866141733,37.62690944881889,8.045665662999925,26.19686581782566,80.27424094025466,0.7355533790401567,34.62952987267387,8.290003404475554,27.659372026641293,82.01998097050428,0.7592768791627021,36.40752616555657,8.129057492395797,26.012738853503183,80.3099787685775,0.7547770700636943,34.659033970276006,8.26696217929159,26.89499036608863,81.03179190751445,0.7456647398843931,35.40006743737955,8.233060952779956,2.8128061294555664,-0.5530882680902721
0,4,1,1,2,4,1,1,2,3,1,1,1,4,1,1,2,real,225,409,158,158,82,468,551,132,113,90,537,105,17,37,9,28,30.383937316356512,85.06758080313418,0.8021547502448579,39.4388540646425,8.020296573022843,26.567672833495617,80.65043816942551,0.7419668938656281,35.00239532619279,8.297169873570407,28.560114503816795,82.92557251908397,0.7633587786259542,37.33052480916026,8.14289048775783,26.13607594936709,80.36392405063292,0.760548523206751,34.72030590717301,8.27941059492129,26.47980769230769,80.39423076923077,0.7326923076923076,34.78821153846153,8.296981542147023,2.827822685241699,-0.1931488805373192
0,4,1,1,2,4,1,1,2,3,1,1,1,4,1,1,2,real,225,409,158,158,82,468,551,132,113,90,537,105,17,35,8,28,30.097087378640776,85.06796116504854,0.8194174757281554,39.448330097087464,8.03969530816584,27.31937682570594,81.56669912366115,0.7633885102239533,35.9089678675755,8.167542497348416,27.829361296472833,82.12488083889419,0.773117254528122,36.50613918017161,8.173964107412283,25.930084745762713,79.82203389830508,0.7478813559322034,34.22637711864408,8.339132076625676,25.866284622731616,79.93123209169055,0.7583572110792741,34.327984718242604,8.34941283067802,2.7968392372131348,-0.4369322169405649
0,4,1,1,2,4,1,1,2,3,1,1,1,4,1,1,2,real,225,409,158,158,82,468,551,132,113,90,537,105,21,35,9,28,29.428571428571427,84.08610567514677,0.7974559686888454,38.440694716242675,7.943721675149504,27.094357976653697,81.43968871595331,0.7801556420233463,35.80597276264593,8.136676674342414,28.12252591894439,82.26201696512724,0.763430725730443,36.66615457115929,8.12922527755722,27.517423442449843,81.64097148891236,0.7613516367476241,35.987222808870136,8.156219778029536,26.689819219790675,80.72312083729781,0.7488106565176023,35.1112464319695,8.278093137016016,2.859330177307129,0.7425076522981187
0,4,1,1,2,4,1,1,2,3,1,1,1,4,1,1,2,real,225,409,158,158,82,468,551,132,113,90,537,105,19,34,9,28,29.717221135029355,84.45303326810176,0.8062622309197651,38.79359099804303,7.977473721583979,27.76379477250726,82.20232333010648,0.7666989351403679,36.556495643756016,8.156335919140625,27.02827521206409,81.33930254476908,0.7719132893496701,35.71554194156458,8.174636982492466,25.338250790305583,79.52265542676501,0.7449947312961012,33.89938883034771,8.34132636395296,27.55460588793922,81.88698955365622,0.7749287749287749,36.28167141500473,8.162845248250516,3.015711784362793,0.25562435383861837
0,4,1,1,2,4,1,1,2,3,1,1,1,4,1,1,2,real,225,409,158,158,82,468,551,132,113,90,537,105,19,35,8,28,28.67644183773216,83.3069403714565,0.7878787878787878,37.64944281524922,8.060145011445062,27.081159420289854,81.30434782608695,0.7545893719806763,35.66319806763282,8.234829129437562,27.069745523091424,81.30348727615457,0.7700282752120641,35.67430725730439,8.19263333449259,25.12644889357218,79.2118018967334,0.7397260273972602,33.59732349841937,8.372723019835423,27.287619047619046,81.48857142857143,0.7685714285714286,35.8640476190476,8.231611911447255,2.8436195850372314,-0.8608550535152091
0,4,1,1,2,4,1,1,2,3,1,1,1,4,1,1,2,real,225,409,158,158,82,468,551,132,113,90,537,105,19,35,9,30,30.47809152872444,85.21713729308667,0.8149951314508277,39.57074001947417,7.936334581625071,27.096209912536445,81.42759961127308,0.7793974732750243,35.809310009718146,8.15228842966351,28.722641509433963,82.81320754716981,0.7754716981132076,37.22654716981136,8.15474055575166,26.954545454545453,81.0306553911205,0.758985200845666,35.390422832980924,8.212412681660663,26.83824928639391,80.88201712654615,0.7450047573739296,35.261598477640355,8.262085097199058,2.734374523162842,0.8384007020393114
0,4,1,1,2,4,1,1,2,3,1,1,1,4,1,1,2,real,225,409,158,158,82,468,551,132,113,90,537,105,18,35,8,28,27.961202715809893,82.4917555771096,0.7769156159068865,36.86600387972842,8.204729830055815,27.438289601554906,81.63654033041789,0.7667638483965015,36.000738581146756,8.198896904821433,27.883129123468425,82.18001885014138,0.764373232799246,36.57627709707828,8.149929975180433,25.765079365079366,79.80846560846561,0.7513227513227513,34.16926984126985,8.347899667414195,26.240758293838862,80.39431279620852,0.7639810426540284,34.78422748815165,8.305073855925855,2.8125040531158447,-1.1108418343268596
0,4,1,1,2,4,1,1,2,3,1,1,1,4,1,1,2,real,225,409,158,158,82,468,551,132,113,90,537,105,19,36,8,28,28.866995073891626,83.40295566502463,0.7931034482758621,37.7882068965517,8.052505377479218,26.0556640625,80.09375,0.7333984375,34.43512695312504,8.313795050630919,27.80666666666667,82.1352380952381,0.758095238095238,36.51492380952385,8.145371227084505,25.70031880977683,79.96068012752391,0.7492029755579172,34.305419766206136,8.31255124747161,27.090646094503374,81.23529411764706,0.7415621986499518,35.60662487945998,8.242874679059208,2.843813419342041,-0.7686115623641768
0,4,1,1,2,4,1,1,2,3,1,1,1,4,1,1,2,real,225,409,158,158,82,468,551,132,113,90,537,105,19,35,7,28,28.325897187196897,82.86614936954413,0.7827352085354026,37.219709020368555,8.193538200167081,28.997087378640778,83.326213592233,0.7883495145631068,37.6780582524272,8.163063344248787,27.455146364494805,81.7034938621341,0.7573182247403211,36.104003777148215,8.18219684054984,25.73673036093418,79.76326963906581,0.7430997876857749,34.12036093418259,8.362932806182734,26.313390313390315,80.50237416904083,0.7625830959164293,34.888518518518495,8.307128626987813,2.8749806880950928,-0.7854195098689359
0,4,1,1,2,4,1,1,2,3,1,1,1,4,1,1,2,real,225,409,158,158,82,468,551,132,113,90,537,105,20,35,8,28,28.488165680473372,82.98717948717949,0.7859960552268245,37.3635996055227,8.060850614313203,26.08137254901961,80.17843137254901,0.7313725490196078,34.50456862745097,8.300381630397915,27.74976213130352,82.10085632730733,0.7678401522359658,36.48040913415797,8.128106135156678,25.916932907348244,80.18317358892439,0.7561235356762513,34.53444089456866,8.28131061922636,27.5053037608486,81.69913211186113,0.7463837994214079,36.069016393442645,8.1952109249885,2.8124969005584717,-0.5019652706010419
0,4,1,1,2,4,1,1,2,3,1,1,1,4,1,1,2,real,225,409,158,158,82,468,551,132,113,90,537,105,18,33,8,28,28.80058083252662,83.5759922555663,0.7928363988383349,37.92742497579864,8.098379951779343,26.856585365853658,81.04975609756097,0.7707317073170732,35.41545365853663,8.18473266328992,26.842601319509896,81.1262959472196,0.7690857681432611,35.51874646559854,8.187140812903396,26.203821656050955,80.3683651804671,0.7590233545647559,34.70565817409764,8.25598379112295,26.307692307692307,80.42545109211775,0.761633428300095,34.81791073124405,8.297481369326526,2.9374167919158936,-0.7382650622579234
0,4,1,1,2,4,1,1,2,3,1,1,1,4,1,1,2,real,225,409,158,158,82,468,551,132,113,90,537,105,18,35,7,28,29.54377431906615,84.41439688715953,0.811284046692607,38.776663424124585,8.07092680257926,29.7252427184466,84.19223300970874,0.7883495145631068,38.54183495145634,8.085154854971973,27.755958055290755,82.0743565300286,0.7740705433746425,36.45941849380364,8.171101909191028,25.953290870488324,79.87048832271762,0.7473460721868365,34.25383227176219,8.330468866677618,27.048710601719197,81.18147086914995,0.7688634192932188,35.57314231136583,8.280751333441456,2.7969155311584473,0.46978159003021175
0,4,1,1,2,4,1,1,2,3,1,1,1,4,1,1,2,real,225,409,158,158,82,468,551,132,113,90,537,105,18,35,8,29,30.37951219512195,85.18536585365854,0.806829268292683,39.54332682926829,7.970164140322367,27.333655705996133,81.60444874274661,0.7601547388781431,35.94877176015471,8.226646344149291,27.49056603773585,81.80188679245283,0.7754716981132076,36.18610377358487,8.179519700221885,25.542105263157893,79.6,0.7442105263157894,33.988863157894755,8.358403049861264,27.609895337773548,81.79352997145575,0.7706945765937203,36.18832540437672,8.210533818843354,2.828295946121216,0.106512165266426
0,4,1,1,2,4,1,1,2,3,1,1,1,4,1,1,2,real,225,409,158,158,82,468,551,132,113,90,537,105,17,33,8,28,29.642023346303503,84.46789883268482,0.8054474708171206,38.81016536964983,8.082252288746687,26.690196078431374,80.98137254901961,0.7754901960784314,35.377450980392126,8.171975278914935,28.652591170825335,83.14395393474088,0.8051823416506718,37.549452975047984,8.12521948835838,24.68220338983051,78.49152542372882,0.736228813559322,32.859957627118646,8.425040088050311,26.470757430488973,80.64141898370086,0.7583892617449665,35.00147651006713,8.259741234357495,2.827903985977173,-0.5832228120806207
0,4,1,1,2,4,1,1,2,3,1,1,1,4,1,1,2,real,225,409,158,158,82,468,551,132,113,90,537,105,18,34,8,28,29.57240038872692,84.41690962099125,0.8104956268221575,38.784703595724075,8.060586040773785,27.770651117589892,82.16423712342079,0.7706511175898931,36.506326530612235,8.110335396166628,27.86857142857143,82.21428571428571,0.7742857142857142,36.601904761904756,8.144787551688676,26.3135593220339,80.28495762711864,0.7552966101694916,34.674353813559286,8.285780184058817,26.34383954154728,80.42311365807068,0.7640878701050621,34.81727793696278,8.305956125331456,2.781240940093994,0.0858101527386907
0,4,1,1,2,4,1,1,2,3,1,1,1,4,1,1,2,real,225,409,158,158,82,468,551,132,113,90,537,105,18,33,9,28,29.617103984450925,84.54616132167152,0.8221574344023324,38.91737609329446,8.04286398590194,27.97370983446933,82.43524829600779,0.7770204479065238,36.7733787731256,8.070681531496273,28.28462998102467,82.82447817836812,0.786527514231499,37.201015180265706,8.084961037424913,25.993657505285412,80.01585623678648,0.7568710359408034,34.418921775898546,8.278139208753794,25.558739255014327,79.60458452722062,0.7535816618911175,34.00449856733527,8.32982483162027,2.781350612640381,0.2723245216165253
0,4,1,1,2,4,1,1,2,3,1,1,1,4,1,1,2,real,225,409,158,158,82,468,551,132,113,90,537,105,18,33,8,29,29.83495145631068,84.76116504854369,0.8155339805825242,39.10983495145634,8.023549541712928,27.842105263157894,82.19005847953217,0.7748538011695907,36.51698830409358,8.106729994208752,28.334283000949668,82.79962013295346,0.7872744539411206,37.1846153846154,8.102575775552221,26.247881355932204,80.18538135593221,0.7510593220338984,34.589862288135535,8.297834737421997,26.02097235462345,80.1858913250715,0.7550047664442326,34.576310772164,8.31268360795584,2.843679904937744,0.33767595470312983
0,4,1,1,2,4,1,1,2,3,1,1,1,4,1,1,2,real,225,409,158,158,82,468,551,132,113,90,537,105,19,33,8,28,28.55219512195122,83.3219512195122,0.8058536585365854,37.69696585365862,8.086134437072094,28.04381694255112,82.48296007789679,0.7731256085686465,36.82151898734176,8.083180430373574,27.809705042816365,82.09039010466222,0.7735490009514748,36.47539486203618,8.128556241353166,26.44267515923567,80.41825902335457,0.7590233545647559,34.81968152866241,8.260024796127485,26.791428571428572,80.91142857142857,0.7704761904761904,35.30818095238101,8.261394164661295,2.9533045291900635,0.20641766019564328
0,4,1,1,2,4,1,1,2,3,1,1,1,4,1,1,2,real,225,409,158,158,82,468,551,132,113,90,537,105,17,32,8,28,30.748046875,85.673828125,0.84375,40.028066406249955,7.936366972524931,25.37890625,79.515625,0.7666015625,33.89842773437503,8.31964954303983,28.74713740458015,83.2662213740458,0.825381679389313,37.673358778625946,8.054570455367712,25.021186440677965,78.8739406779661,0.7457627118644068,33.256048728813575,8.386392938625432,27.00862068965517,81.19157088122606,0.7806513409961686,35.57517241379308,8.211925439942375,2.921684980392456,-0.11357348735296853
0,4,1,1,2,4,1,1,2,3,1,1,1,4,1,1,2,real,225,409,158,158,82,468,551,132,113,90,537,105,17,33,6,28,30.238558909444986,85.06523855890944,0.8325219084712756,39.393846153846184,8.038104696154253,28.58512720156556,83.0078277886497,0.799412915851272,37.40381604696676,8.328934171355277,29.23055028462998,83.7685009487666,0.8197343453510436,38.16105313092981,8.180788485046554,24.76808510638298,78.62021276595745,0.7382978723404255,33.00299999999997,8.479984839909232,26.03513770180437,80.11301044634378,0.7597340930674265,34.536296296296285,8.362530690377959,2.7343995571136475,-0.6657276639611552
0,4,1,1,2,4,1,1,2,3,1,1,1,4,1,1,2,real,225,409,158,158,82,468,551,132,113,90,537,105,17,33,8,30,30.23181377303589,85.20756547041707,0.8225024248302619,39.56898157129006,8.028280387604953,27.81827016520894,82.1584062196307,0.7725947521865889,36.529378036929025,8.115235092353029,28.17283950617284,82.62108262108262,0.7834757834757835,36.98664767331434,8.125479433974434,26.064345991561183,80.05168776371308,0.7478902953586498,34.44372362869197,8.31189429160468,26.41412213740458,80.53912213740458,0.7662213740458015,34.93721374045802,8.322367842090129,2.8124446868896484,0.3090587471951579
0,4,1,1,2,4,1,1,2,3,1,1,1,4,1,1,2,real,225,409,158,158,82,468,551,132,113,90,537,105,19,33,6,28,30.099706744868037,84.92179863147605,0.8093841642228738,39.271026392961915,8.089108847209486,32.32673267326733,87.12277227722772,0.8475247524752475,41.50198019801977,8.10175845479897,30.215799614643544,84.71579961464354,0.8217726396917149,39.12830443159922,8.04767414731933,24.51388888888889,78.2991452991453,0.7350427350427351,32.66144230769234,8.478109759051756,30.49855072463768,84.9584541062802,0.8038647342995169,39.31377777777773,8.177701159065613,2.8597967624664307,2.214889250864252
0,4,1,1,2,4,1,1,2,3,1,1,1,4,1,1,2,real,225,409,158,158,82,468,551,132,113,90,537,105,17,34,6,28,30.133658536585365,84.74146341463414,0.824390243902439,39.094331707317046,8.082991242049477,28.488758553274682,82.77908113391985,0.793743890518084,37.171182795698954,8.283214190948888,28.532567049808428,82.99808429118774,0.8199233716475096,37.380057471264344,8.115416384117744,25.386993603411515,79.22388059701493,0.746268656716418,33.61491471215355,8.41706513900489,28.528901734104046,82.6840077071291,0.7976878612716763,37.074922928709036,8.277341940516582,2.812039852142334,0.13324563550199003
0,4,1,1,2,4,1,1,2,3,1,1,1,4,1,1,2,real,225,409,158,158,82,468,551,132,113,90,537,105,17,33,7,28,29.860487804878048,84.52292682926829,0.824390243902439,38.86569756097558,8.04849531893326,26.385365853658538,80.49365853658537,0.7736585365853659,34.883229268292695,8.308691156123817,28.709369024856596,83.18068833652008,0.8221797323135756,37.568977055449345,8.07696130300097,24.893617021276597,78.74893617021277,0.7425531914893617,33.13809574468084,8.412415660996924,26.675934803451582,80.77660594439118,0.7718120805369127,35.165234899328915,8.270553307577954,2.7501962184906006,-0.6896703298703158
0,4,1,1,2,4,1,1,2,3,1,1,1,4,1,1,2,real,225,409,158,158,82,468,551,132,113,90,537,105,17,33,6,30,31.2158203125,86.056640625,0.8212890625,40.41286132812499,8.082120724417877,31.093503937007874,85.69685039370079,0.827755905511811,40.081358267716524,8.070990502813686,30.194015444015445,84.7007722007722,0.8137065637065637,39.08049227799233,8.108881906436892,24.99786552828175,78.80469583778014,0.736392742796158,33.158623265741724,8.451390210344497,29.680193236714977,84.04830917874396,0.7951690821256039,38.427719806763264,8.229124365741079,2.78108286857605,1.976438227691358
0,4,1,1,2,4,1,1,2,3,1,1,1,4,1,1,2,real,225,409,158,158,82,468,551,132,113,90,537,105,19,33,7,28,28.11348205625606,82.79340446168769,0.7798254122211445,37.11934044616874,8.127973085782166,28.99902629016553,83.34566699123661,0.7887049659201558,37.72565725413828,8.117599608338603,26.81208687440982,81.10009442870633,0.7677053824362606,35.49730878186962,8.18503213814065,26.336170212765957,80.46595744680852,0.7617021276595745,34.81486170212764,8.25781706218366,26.938212927756656,81.08174904942966,0.7633079847908745,35.46292775665398,8.289308431565368,2.8442347049713135,-0.19808617644713422
0,4,1,1,2,4,1,1,2,3,1,1,1,4,1,1,2,real,225,409,158,158,82,468,551,132,113,90,537,105,17,31,7,28,30.316764132553605,85.48148148148148,0.8450292397660819,39.822514619883066,7.912414890736615,26.85686465433301,80.97857838364168,0.7857838364167478,35.35213242453749,8.309712808379611,26.50332383665717,80.82241215574548,0.7749287749287749,35.22249762583098,8.31338119543209,25.912673056443026,79.92545260915868,0.7582534611288605,34.30176783812569,8.359377612504401,25.48810656517602,79.4919124643197,0.758325404376784,33.90817316841103,8.375841563080712,2.780935525894165,-1.201488721397456
0,4,1,1,2,4,1,1,2,3,1,1,1,4,1,1,2,real,225,409,158,158,82,468,551,132,113,90,537,105,17,33,7,29,29.070038910505836,83.76848249027238,0.7947470817120622,38.1321206225681,8.150111883647456,28.16176470588235,82.53137254901961,0.7950980392156862,36.90863725490202,8.141969006460767,28.774783445620788,83.13378248315688,0.8046198267564967,37.55370548604431,8.145502864763753,24.836170212765957,78.62872340425533,0.7308510638297873,32.98725531914894,8.434492910091693,27.340057636887607,81.56676272814602,0.7704130643611912,35.92746397694524,8.259240515582482,2.8596084117889404,-0.33680963012226356
0,4,1,1,2,4,1,1,2,3,1,1,1,4,1,1,2,real,225,409,158,158,82,468,551,132,113,90,537,105,18,31,7,28,30.890184645286688,86.044703595724,0.8483965014577259,40.37306122448974,7.88161949338581,27.055555555555557,81.50487329434698,0.7865497076023392,35.87612085769979,8.20993968865007,27.539114043355326,82.01602262016965,0.8105560791705938,36.40909519321397,8.152155408138317,24.77364505844846,78.71094580233793,0.7460148777895855,33.090648246546195,8.446759426247473,25.71415004748338,79.83570750237416,0.7644824311490979,34.25143399810062,8.321201486153722,2.8432610034942627,-0.4009004421602384
0,4,1,1,2,4,1,1,2,3,1,1,1,4,1,1,2,real,225,409,158,158,82,468,551,132,113,90,537,105,17,29,7,28,29.361516034985424,84.56851311953353,0.8551992225461613,38.9181535471331,7.951358560857989,28.1587147030185,82.58909444985395,0.8062317429406037,36.98161635832522,8.142762171335301,27.95175023651845,82.56953642384106,0.8003784295175024,36.97856196783354,8.181555574993789,26.08050847457627,80.40148305084746,0.7966101694915254,34.73880296610171,8.220208970932811,26.93643263757116,81.43358633776091,0.7893738140417458,35.82810246679318,8.26825812498736,2.8750078678131104,0.7841558701528839
0,4,1,1,2,4,1,1,2,3,1,1,1,4,1,1,2,real,225,409,158,158,82,468,551,132,113,90,537,105,17,31,6,28,29.384985563041386,84.37921077959577,0.8383060635226179,38.686073147256984,8.014174204896989,30.406007751937985,84.90310077519379,0.813953488372093,39.303003875969026,8.27144316872779,28.12215909090909,82.59753787878788,0.7954545454545454,36.99436553030303,8.239081953102442,25.405491024287223,79.44350580781415,0.7455121436114044,33.79531151003165,8.399385988179803,28.782075471698114,83.03018867924528,0.8056603773584906,37.44121698113205,8.250798459385939,2.828545331954956,0.5209412355414458
0,4,1,1,2,4,1,1,2,3,1,1,1,4,1,1,2,real,225,409,158,158,82,468,551,132,113,90,537,105,16,31,7,28,29.63915547024952,84.7447216890595,0.8445297504798465,39.088541266794635,8.025846265642693,26.22854387656702,80.39151398264224,0.7685631629701061,34.797868852459054,8.321830412783777,27.327358490566038,81.72358490566037,0.7849056603773585,36.12569811320753,8.241376506193017,25.589473684210525,79.67052631578947,0.7526315789473684,33.98737894736844,8.356375509914146,25.224624060150376,79.18609022556392,0.7622180451127819,33.61977443609022,8.388908670658568,2.8276970386505127,-1.5253873066413006
0,4,1,1,2,4,1,1,2,3,1,1,1,4,1,1,2,real,225,409,158,158,82,468,551,132,113,90,537,105,18,30,7,28,32.36708860759494,87.8763388510224,0.8743914313534566,42.21347614410904,7.784543512010255,27.98829268292683,82.38536585365854,0.8029268292682927,36.77082926829269,8.195789390085055,27.141232227488153,81.63507109004739,0.7914691943127962,36.03515639810422,8.241362530039195,26.154419595314163,80.29392971246007,0.7614483493077743,34.672736954206655,8.32300448240399,25.982889733840302,80.1245247148289,0.7671102661596958,34.53013307984786,8.312877201629085,2.9532246589660645,0.7478918120682977
0,4,1,1,2,4,1,1,2,3,1,1,1,4,1,1,2,real,225,409,158,158,82,468,551,132,113,90,537,105,18,31,9,28,31.011673151750973,86.18385214007782,0.8365758754863813,40.535126459143996,7.9203898017934895,28.424481737413622,83.0,0.805528134254689,37.387828232971394,8.027826515823978,29.305635148042025,84.00191021967527,0.8175740210124164,38.40229226361036,8.01465612785767,25.360169491525422,79.33474576271186,0.7478813559322034,33.7138347457627,8.345613249541557,26.64621284755513,80.87919463087249,0.7641418983700863,35.26260786193676,8.219236012904387,2.906198740005493,1.6244971348253245
0,4,1,1,2,4,1,1,2,3,1,1,1,4,1,1,2,real,225,409,158,158,82,468,551,132,113,90,537,105,18,31,7,27,31.096397273612464,86.40408958130477,0.8636806231742941,40.72617332035053,7.854324269252017,26.4093567251462,80.6150097465887,0.7855750487329435,34.98598440545808,8.318680065267772,25.93244529019981,80.13320647002854,0.7649857278782112,34.537916270218844,8.341746476574528,25.70437566702241,79.70651013874067,0.7491995731056563,34.07881536819636,8.355586403802393,25.944814462416748,80.08943862987631,0.7659372026641293,34.48623215984775,8.314062290221438,2.9687020778656006,-0.9791480969284947
0,4,1,1,2,4,1,1,2,3,1,1,1,4,1,1,2,real,225,409,158,158,82,468,551,132,113,90,537,105,16,29,7,28,27.521484375,82.486328125,0.8310546875,36.832109375,8.163356271838165,27.615533980582523,82.15825242718446,0.8087378640776699,36.529291262135914,8.117494671447123,27.80529300567108,82.2835538752363,0.7939508506616257,36.70129489603032,8.192034526258285,24.571580063626723,78.74549310710498,0.7804878048780488,33.14573700954399,8.347360365268543,27.10900473933649,81.69289099526067,0.8028436018957346,36.079156398104274,8.19449425868842,2.8906540870666504,-0.5561764810437893
0,4,1,1,2,4,1,1,2,3,1,1,1,4,1,1,2,real,225,409,158,158,82,468,551,132,113,90,537,105,16,31,6,28,28.971871968962173,83.97769156159069,0.8457807953443259,38.31648884578081,8.086939502342544,28.487875848690592,82.7846750727449,0.8069835111542192,37.16203685742005,8.209993048783868,25.41254752851711,79.44011406844106,0.7461977186311787,33.841549429657825,8.430494127634326,26.75978835978836,81.06666666666666,0.801058201058201,35.405661375661346,8.2149979919952,28.67488151658768,83.13838862559241,0.8037914691943128,37.536331753554464,8.283530792671419,2.8907670974731445,-0.37040372784756814
0,4,1,1,2,4,1,1,2,3,1,1,1,4,1,1,2,real,225,409,158,158,82,468,551,132,113,90,537,105,16,31,7,29,31.185617103984452,86.47327502429543,0.8551992225461613,40.8083576287658,7.91589933809302,26.92878048780488,81.20585365853658,0.7892682926829269,35.580946341463445,8.28865647018201,27.047619047619047,81.47619047619048,0.7780952380952381,35.873590476190486,8.305666078629919,25.76914893617021,79.74893617021277,0.7510638297872341,34.153563829787274,8.382277812548848,25.3,79.28285714285714,0.7533333333333333,33.69775238095236,8.411131960677743,2.7967844009399414,-0.9698408258445994
0,4,1,1,2,4,1,1,2,3,1,1,1,4,1,1,2,real,225,409,158,158,82,468,551,132,113,90,537,105,17,31,7,29,31.431486880466473,86.6511175898931,0.8561710398445093,40.99057337220599,7.857624377126179,26.91545189504373,81.28571428571429,0.7813411078717201,35.66425655976675,8.233304171829184,28.378887841658813,83.01696512723845,0.8180961357210179,37.41350612629602,8.1148770697104,24.966065747614,78.94697773064688,0.7454931071049841,33.33277836691412,8.443772793178782,26.336812144212523,80.47438330170777,0.7703984819734345,34.88637571157498,8.288807674265115,2.8436570167541504,0.19825943482078118
0,4,1,1,2,4,1,1,2,3,1,1,1,4,1,1,2,real,225,409,158,158,82,468,551,132,113,90,537,105,16,33,7,29,30.98831548198637,85.82960077896787,0.8344693281402142,40.186475170399135,7.993246655995456,26.97268292682927,81.14341463414634,0.7746341463414634,35.54573658536582,8.277530990648645,29.576775431861805,84.10172744721689,0.8330134357005758,38.50378119001925,8.088473627992316,25.26935312831389,79.1442205726405,0.7529162248144221,33.550498409331915,8.394666794596725,26.389473684210525,80.52822966507178,0.7722488038277512,34.92794258373208,8.297015664334001,2.8597278594970703,0.04757115247439288
0,4,1,1,2,4,1,1,2,3,1,1,1,4,1,1,2,real,225,409,158,158,82,468,551,132,113,90,537,105,16,31,6,29,32.926032660902976,88.46974063400576,0.9000960614793467,42.80804034582134,7.892511617047241,29.49951690821256,83.9487922705314,0.8057971014492754,38.33189371980674,8.223549880581436,29.973509933774835,84.50236518448439,0.815515610217597,38.90684011352893,8.189526469807262,25.95886075949367,80.04113924050633,0.7584388185654009,34.364462025316456,8.342432779258814,27.864406779661017,81.99152542372882,0.7928436911487758,36.40433145009418,8.319620244756042,2.8746938705444336,1.8554305677497496
0,4,1,1,2,4,1,1,2,3,1,1,1,4,1,1,2,real,225,409,158,158,82,468,551,132,113,90,537,105,16,31,7,31,33.43135345666991,88.74975657254139,0.8841285296981499,43.09950340798441,7.819859731844,28.78627450980392,83.31372549019608,0.8049019607843138,37.68548039215684,8.097023336118182,30.683253588516745,85.39043062200957,0.8631578947368421,39.79499521531093,7.995446445483006,25.503184713375795,79.51061571125265,0.7494692144373672,33.89217622080679,8.372757842562049,26.946564885496183,81.1145038167939,0.7748091603053435,35.510286259542,8.241686253332052,2.874950647354126,2.5622592238801416
0,4,1,1,2,4,1,1,2,3,1,1,1,4,1,1,2,real,225,409,158,158,82,468,551,132,113,90,537,105,16,32,7,29,31.984496124031008,87.1453488372093,0.8682170542635659,41.48830426356587,7.886753446142952,26.016536964980546,80.31614785992218,0.7645914396887159,34.67049610894947,8.322443087505992,28.06350710900474,82.55545023696682,0.8113744075829384,36.959838862559224,8.183691040176976,25.07521186440678,79.07521186440678,0.7521186440677966,33.46716101694916,8.44739848282792,25.786324786324787,79.80816714150048,0.7644824311490979,34.21420702754037,8.362713625092846,2.8750221729278564,-0.6259341754922559
0,4,1,1,2,4,1,1,2,3,1,1,1,4,1,1,2,real,225,409,158,158,82,468,551,132,113,90,537,105,16,33,8,29,32.3462657613967,87.50145489815714,0.8399612027158099,41.857041707080455,8.040143817432183,27.476470588235294,81.81176470588235,0.792156862745098,36.203519607843106,8.133203779449858,28.97483059051307,83.40658276863505,0.8063891577928364,37.81181026137468,8.185460990787803,25.90562036055143,79.87486744432661,0.7465535524920467,34.24987274655352,8.360881269265143,26.11527377521614,80.16810758885687,0.7531219980787704,34.54520653218068,8.29715255726753,2.797348737716675,0.5188706527665715
0,4,1,1,2,4,1,1,2,3,1,1,1,4,1,1,2,real,225,409,158,158,82,468,551,132,113,90,537,105,16,33,7,28,31.01066925315228,85.99418040737149,0.8545101842870999,40.320824442289066,7.9827517209349566,25.815968841285297,79.9425511197663,0.7672833495618305,34.33267770204475,8.356965363405203,27.821631878557874,82.25047438330171,0.8083491461100569,36.64737191650849,8.202389498516936,24.814618644067796,78.6864406779661,0.7457627118644068,33.061345338983045,8.469058121968821,25.188212927756656,79.21007604562737,0.7509505703422054,33.62973384030417,8.395080760358171,2.827599048614502,-1.59574640356158
0,4,1,1,2,4,1,1,2,3,1,1,1,4,1,1,2,real,225,409,158,158,82,468,551,132,113,90,537,105,14,33,7,28,32.364423076923075,87.80961538461538,0.8875,42.146519230769215,7.997745358229316,27.232850241545894,81.47729468599034,0.7816425120772947,35.86255072463765,8.283154619743872,27.29210275927688,81.58991436726927,0.780209324452902,35.996983824928655,8.391913001213492,25.84510010537408,79.94415173867229,0.7555321390937829,34.284330874604855,8.393359686592714,24.752819548872182,78.54041353383458,0.7481203007518797,32.97083646616543,8.445248591530511,2.828084945678711,-1.1505645725434364
0,4,1,1,2,4,1,1,2,3,1,1,1,4,1,1,2,real,225,409,158,158,82,468,551,132,113,90,537,105,16,35,7,28,31.89815712900097,86.9262851600388,0.8322017458777885,41.26898157129,8.088075398146875,28.179236043095006,82.47208619000979,0.7952987267384917,36.858677766895184,8.165673969265912,29.609450337512055,84.21600771456123,0.8148505303760849,38.622410800385765,8.134538985879136,25.83227176220807,79.77494692144374,0.7484076433121019,34.1465605095541,8.369498528511789,27.07869481765835,81.21209213051823,0.7610364683301344,35.592504798464454,8.278304151699096,2.844113826751709,0.8481015563087425
0,4,1,1,2,4,1,1,2,3,1,1,1,4,1,1,2,real,225,409,158,158,82,468,551,132,113,90,537,105,16,33,9,28,32.50873786407767,87.66407766990291,0.845631067961165,42.009349514563056,8.00074787792776,26.8421568627451,81.09019607843138,0.7852941176470588,35.48185294117643,8.166061994075228,28.752895752895753,83.23359073359073,0.8040540540540541,37.63573359073359,8.170193546357627,25.622621564482028,79.60676532769556,0.7441860465116279,33.982145877378386,8.357277470017051,25.847701149425287,79.90325670498085,0.7471264367816092,34.2841570881226,8.294769309098188,2.9059598445892334,0.3214769079685794
0,4,1,1,2,4,1,1,2,3,1,1,1,4,1,1,2,real,225,409,158,158,82,468,551,132,113,90,537,105,15,33,7,28,31.720545277507302,87.10418695228822,0.8685491723466408,41.42505355404088,7.953357464169723,26.642648490749757,80.76436222005842,0.7711781888997079,35.1419668938656,8.344256095220558,26.550669216061184,80.76959847036329,0.7705544933078394,35.15664435946459,8.405201459803436,25.36528221512247,79.31842385516507,0.7529286474973376,33.714802981895645,8.427644564514852,25.26,79.24190476190476,0.7514285714285714,33.64280000000004,8.411810197408277,3.000009775161743,-1.6448443102777417
0,4,1,1,2,4,1,1,2,3,1,1,1,4,1,1,2,real,225,409,158,158,82,468,551,132,113,90,537,105,14,35,7,28,35.649173955296405,91.28862973760933,0.9154518950437318,45.61353741496599,7.879232489634484,26.939688715953306,81.13715953307393,0.7782101167315175,35.54457198443587,8.351934682046785,28.641491395793498,83.15774378585085,0.8059273422562141,37.56445506692163,8.263047776315112,25.720806794055203,79.67834394904459,0.7494692144373672,34.046762208067925,8.445088800018615,24.812380952380952,78.65523809523809,0.7457142857142857,33.05030476190473,8.46658542143457,2.8592560291290283,-0.02835531873577679
0,4,1,1,2,4,1,1,2,3,1,1,1,4,1,1,2,real,225,409,158,158,82,468,551,132,113,90,537,105,14,33,9,28,36.43135345666991,92.14508276533593,0.9240506329113924,46.49996105160662,7.804260231835987,26.13715953307393,80.40466926070039,0.7714007782101168,34.79846303501944,8.326295494632308,28.35496183206107,82.94465648854961,0.8120229007633588,37.358520992366344,8.21655384018342,26.17989417989418,80.23915343915344,0.7608465608465609,34.62456084656081,8.379144771133452,24.23954372623574,78.15779467680608,0.7519011406844106,32.57438212927759,8.419006789935182,2.8282289505004883,0.48774907066838863
0,4,1,1,2,4,1,1,2,3,1,1,1,4,1,1,2,real,225,409,158,158,82,468,551,132,113,90,537,105,14,33,7,30,37.141885325558796,93.02915451895043,0.9329446064139941,47.35732750242957,7.775478485958398,27.285019455252918,81.5885214007782,0.7821011673151751,35.9703988326848,8.30006091825671,28.938814531548758,83.48183556405354,0.8164435946462715,37.874550669216,8.235872905176661,26.35238095238095,80.39788359788359,0.7619047619047619,34.76831746031746,8.391275697314372,25.842055185537582,79.84776403425309,0.7649857278782112,34.253853472883,8.370305852460612,2.6564888954162598,1.5230441048502654
0,4,1,1,2,4,1,1,2,3,1,1,1,4,1,1,2,real,225,409,158,158,82,468,551,132,113,90,537,105,15,34,7,28,32.17151162790697,87.2984496124031,0.872093023255814,41.63644379844958,7.967332043209806,26.513618677042803,80.68093385214007,0.77431906614786,35.05200389105054,8.331496823685807,28.237868696479545,82.71075166508088,0.8068506184586108,37.11803044719322,8.221525818254262,25.15767195767196,79.08359788359789,0.7428571428571429,33.459238095238085,8.455983248048689,24.874285714285715,78.73809523809524,0.7466666666666667,33.134199999999986,8.449520116191197,2.8437280654907227,-1.1493504485160884
0,4,1,1,2,4,1,1,2,3,1,1,1,4,1,1,2,real,225,409,158,158,82,468,551,132,113,90,537,105,15,33,9,28,33.031098153547134,88.20310981535471,0.8726919339164237,42.56508260447036,7.901244293550408,25.822439024390246,80.02341463414633,0.7658536585365854,34.40208780487806,8.284497394435027,29.194444444444443,83.77969348659003,0.8266283524904214,38.18682950191572,8.094277690862054,25.96832101372756,79.91974656810982,0.7571277719112989,34.301510031678966,8.32839171091161,25.557251908396946,79.6030534351145,0.7624045801526718,34.01352099236635,8.290732245594912,2.828063488006592,0.5075169171550555
0,4,1,1,2,4,1,1,2,3,1,1,1,4,1,1,2,real,225,409,158,158,82,468,551,132,113,90,537,105,17,34,7,28,28.77821011673152,83.44455252918289,0.7947470817120622,37.792500000000054,8.171600000733912,27.91185112634672,82.20861900097943,0.7864838393731636,36.5905484818805,8.168954483629605,28.955854126679462,83.45009596928983,0.809021113243762,37.860230326295635,8.112825004268133,24.895744680851063,78.72765957446809,0.7393617021276596,33.09564893617022,8.425407243915188,27.024952015355087,81.19481765834932,0.7581573896353166,35.550451055662194,8.2864612587287,2.859076738357544,-0.5253470360971647
0,4,1,1,2,4,1,1,2,3,1,1,1,4,1,1,2,real,225,409,158,158,82,468,551,132,113,90,537,105,15,34,7,30,33.60390243902439,88.84585365853658,0.8526829268292683,43.194712195121966,8.02872282475329,29.288235294117648,83.81764705882352,0.807843137254902,38.21289215686272,8.094317755042246,29.241545893719806,83.68502415458937,0.8144927536231884,38.101014492753606,8.196317136414176,25.645058448459086,79.51753453772582,0.7449521785334751,33.88886291179599,8.41921081383481,26.829971181556196,80.83477425552354,0.7588856868395774,35.22411143131602,8.317199447766876,2.84380841255188,1.22863077741697
0,4,1,1,2,4,1,1,2,3,1,1,1,4,1,1,2,real,225,409,158,158,82,468,551,132,113,90,537,105,19,34,7,28,28.7275390625,83.4638671875,0.8037109375,37.83793945312505,8.08963151477052,29.987354085603112,84.51945525291829,0.7928015564202334,38.86370622568095,8.052777334007896,27.03912213740458,81.16984732824427,0.7604961832061069,35.55929389312977,8.211682058108394,25.951063829787234,79.83829787234042,0.7553191489361702,34.23949999999998,8.320469463030314,27.30534351145038,81.52099236641222,0.7709923664122137,35.90469465648857,8.250412300200006,2.781583547592163,0.25254666124878045
0,4,1,1,2,4,1,1,2,3,1,1,1,4,1,1,2,real,225,409,158,158,82,468,551,132,113,90,537,105,17,35,7,28,29.171179883945843,83.79883945841392,0.7959381044487428,38.157601547388765,8.135710966534855,28.64522417153996,82.96978557504873,0.7943469785575049,37.35532163742686,8.156257935534518,26.87038789025544,81.02932828760643,0.7691579943235572,35.42508987701048,8.255130457648642,26.259023354564757,80.29617834394904,0.7494692144373672,34.65398089171973,8.297891031211043,25.789724072312083,79.70123691722169,0.7421503330161751,34.09608943862988,8.408942150363714,2.8120949268341064,-0.9487913661375813
0,4,1,1,2,4,1,1,2,3,1,1,1,4,1,1,2,real,225,409,158,158,82,468,551,132,113,90,537,105,17,34,8,28,29.714700193423596,84.49516441005802,0.8056092843326886,38.850454545454525,8.065708935284013,26.608187134502923,80.77485380116958,0.7748538011695907,35.153518518518524,8.212161961368091,26.658168083097262,80.85174693106704,0.7695939565627951,35.24601510859302,8.235062185707811,25.88335100742312,79.98409331919406,0.7497348886532343,34.32867444326617,8.301531361626962,25.757834757834758,79.7312440645774,0.7492877492877493,34.12331433998103,8.359107768456916,2.812471866607666,-1.1797239196743647
0,4,1,1,2,4,1,1,2,3,1,1,1,4,1,1,2,real,225,409,158,158,82,468,551,132,113,90,537,105,17,34,7,30,30.390882638215324,85.35693501454898,0.8176527643064986,39.7254898157129,8.035700767588645,29.48785228377065,83.86783284742468,0.7900874635568513,38.232993197278915,8.117487539132183,28.153772683858644,82.48233046800382,0.7803247373447947,36.85616045845273,8.15726057155074,25.952431289640593,79.8985200845666,0.7463002114164905,34.27881606765327,8.342034034051977,26.811663479923517,80.89579349904398,0.7705544933078394,35.27386233269599,8.326367139333968,2.875023365020752,0.5425822794025862
0,4,1,1,2,4,1,1,2,3,1,1,1,4,1,1,2,real,225,409,158,158,82,468,551,132,113,90,537,105,15,34,8,28,33.18349514563107,88.33398058252428,0.8728155339805825,42.67027184466016,7.91347532252676,25.773125608568648,79.87828627069133,0.7604673807205453,34.251421616358336,8.331735595265892,29.15355086372361,83.64107485604606,0.8224568138195777,38.052312859884864,8.131393683915418,25.72286617492097,79.63119072708113,0.7523709167544784,34.01545837723924,8.35982890365943,25.99138755980861,80.0354066985646,0.7607655502392344,34.43776076555017,8.32847812579748,2.828179359436035,0.17416456465151953
0,4,1,1,2,4,1,1,2,3,1,1,1,4,1,1,2,real,225,409,158,158,82,468,551,132,113,90,537,105,17,34,10,28,30.418762088974855,85.35299806576403,0.8085106382978723,39.71235976789171,8.060545821163416,27.941747572815533,82.32135922330097,0.7815533980582524,36.65600000000001,8.12783307669351,28.19002822201317,82.56820319849483,0.7714016933207902,36.966067732831604,8.115982923772581,25.826638477801268,79.79809725158562,0.7494714587737844,34.17931289640596,8.353022711964659,25.743833017077797,79.88804554079697,0.7618595825426945,34.29822580645162,8.301899818920397,2.812437057495117,0.0671719509593629
0,4,1,1,2,4,1,1,2,3,1,1,1,4,1,1,2,real,225,409,158,158,82,468,551,132,113,90,537,105,17,34,8,30,30.591876208897485,85.4458413926499,0.804642166344294,39.807050290135386,8.068572807726005,27.791059280855197,82.16423712342079,0.7764820213799806,36.50632653061222,8.154579919893886,28.55042412818096,83.03487276154571,0.7690857681432611,37.431102733270464,8.101032097049027,25.82116402116402,79.77883597883599,0.746031746031746,34.162529100529085,8.382266690223739,25.91254752851711,80.07604562737643,0.7604562737642585,34.47961977186309,8.317573767128929,2.828500747680664,0.051916012722594475
0,4,1,1,2,4,1,1,2,3,1,1,1,4,1,1,2,real,225,409,158,158,82,468,551,132,113,90,537,105,15,35,8,28,33.61208576998051,88.80116959064327,0.854775828460039,43.14738791423002,8.025213419376131,27.254901960784313,81.53823529411764,0.7823529411764706,35.91724509803923,8.190325401926183,29.08678881388621,83.55641272902604,0.8081002892960463,37.97275795564123,8.191473515028608,25.51957671957672,79.3989417989418,0.7428571428571429,33.7693968253968,8.402752621727888,25.853307766059444,79.96836049856184,0.7468839884947267,34.35615532118892,8.313139480292353,2.9371814727783203,0.4068151055557962
0,4,1,1,2,4,1,1,2,3,1,1,1,4,1,1,2,real,225,409,158,158,82,468,551,132,113,90,537,105,17,37,8,28,30.137560975609755,84.85073170731707,0.7941463414634147,39.21024390243904,8.036039518822758,26.783236994219653,80.92003853564547,0.7504816955684007,35.26737957610794,8.293208972677,27.513666352497644,81.688972667295,0.7719132893496701,36.078840716305315,8.21526452055323,24.982161594963273,79.0367261280168,0.7313746065057712,33.41033578174185,8.409895657824828,27.011439466158247,81.15061963775024,0.7626310772163966,35.534194470924696,8.271520293503691,2.922187089920044,-0.9224401915581012
0,4,1,1,2,4,1,1,2,3,1,1,1,4,1,1,2,real,225,409,158,158,82,468,551,132,113,90,537,105,17,35,8,30,31.14327485380117,85.97173489278752,0.8138401559454191,40.320730994152065,7.967336475243378,27.917068466730953,82.21407907425265,0.7704918032786885,36.56070395371266,8.20647610447192,28.607954545454547,82.94412878787878,0.7869318181818182,37.31877840909091,8.130083927497994,25.293067226890756,79.30567226890756,0.7426470588235294,33.68263655462184,8.396291910072767,27.08277830637488,81.24452901998097,0.7630827783063748,35.640475737392954,8.24593979777137,2.9215505123138428,0.44377237864663927
0,4,1,1,2,4,1,1,2,3,1,1,1,4,1,1,2,real,225,409,158,158,82,468,551,132,113,90,537,105,17,37,7,28,29.686653771760156,84.3752417794971,0.7872340425531915,38.73622823984531,8.173209189611157,28.8,83.09514563106796,0.7796116504854369,37.43030097087374,8.19450033949245,28.599243856332702,82.91209829867675,0.7722117202268431,37.30728733459355,8.133406194997647,25.996822033898304,79.98305084745763,0.75,34.36577330508471,8.381196653358577,25.9,79.96285714285715,0.7533333333333333,34.347571428571456,8.357337603649876,2.9062321186065674,-0.4136212223080946
0,4,1,1,2,4,1,1,2,3,1,1,1,4,1,1,2,real,225,409,158,158,82,468,551,132,113,90,537,105,17,35,6,28,30.653021442495128,85.37231968810916,0.8128654970760234,39.71983430799227,8.131681380813143,32.08399209486166,86.76284584980237,0.8320158102766798,41.13386363636359,8.153783957745233,30.807729468599035,85.37004830917874,0.8270531400966183,39.78741062801939,8.08917761521287,24.632870864461047,78.37139807897546,0.7310565635005336,32.74354322305231,8.48495558485235,29.66183574879227,83.9487922705314,0.7855072463768116,38.30531400966183,8.267092111743656,2.890920877456665,1.7116995385849207
0,4,1,1,2,4,1,1,2,3,1,1,1,4,1,1,2,real,225,409,158,158,82,468,551,132,113,90,537,105,17,35,7,27,28.654669260700388,83.23443579766537,0.7830739299610895,37.595087548638055,8.182100663237934,27.924657534246574,82.19960861056751,0.7906066536203522,36.57166340508807,8.171532497696731,28.89080459770115,83.3103448275862,0.8065134099616859,37.71196360153258,8.121213734401149,24.647497337593183,78.51331203407881,0.7294994675186368,32.86365282215123,8.449216990044839,27.151923076923076,81.38269230769231,0.760576923076923,35.74567307692312,8.266996184950994,2.9371862411499023,-0.6540414251452547
0,4,1,1,2,4,1,1,2,3,1,1,1,4,1,1,2,real,225,409,158,158,82,468,551,132,113,90,537,105,15,35,7,27,31.90388349514563,87.01067961165049,0.8660194174757282,41.331213592233006,7.980015167508827,26.0068093385214,80.04280155642023,0.7645914396887159,34.428005836575885,8.397373238089912,27.993333333333332,82.35619047619048,0.8038095238095239,36.76394285714283,8.257785054782794,24.896296296296295,78.83174603174604,0.7396825396825397,33.21864550264552,8.47704098896507,25.056190476190476,78.99809523809523,0.7447619047619047,33.41517142857141,8.421935749322982,2.8281478881835938,-1.6203978145186795
0,4,1,1,2,4,1,1,2,3,1,1,1,4,1,1,2,real,225,409,158,158,82,468,551,132,113,90,537,105,17,36,7,27,29.104146576663453,83.70491803278688,0.7917068466730954,38.046094503375066,8.145777283454338,28.146601941747573,82.40970873786408,0.7796116504854369,36.79357281553398,8.214180795734762,26.862819299905393,81.01608325449385,0.7653736991485336,35.41059602649008,8.261130865214268,25.655720338983052,79.60381355932203,0.7372881355932204,33.96319915254235,8.352471802131724,25.573333333333334,79.53619047619047,0.7438095238095238,33.935066666666636,8.42740314262625,2.843726396560669,-1.5477849661912217
0,4,1,1,2,4,1,1,2,3,1,1,1,4,1,1,2,real,225,409,158,158,82,468,551,132,113,90,537,105,17,35,9,27,29.559223300970874,84.39708737864078,0.8116504854368932,38.76864077669905,8.06995319629895,27.277073170731708,81.55707317073171,0.7678048780487805,35.89396097560975,8.149033564253319,27.53802281368821,81.86692015209125,0.7718631178707225,36.25812737642592,8.168510721756501,25.58078141499472,79.50580781414995,0.7455121436114044,33.90883843717001,8.337785261946545,25.16873212583413,79.13632030505244,0.7483317445185891,33.529666348903696,8.366727544481257,2.9378621578216553,-0.8913788133399209
0,4,1,1,2,4,1,1,2,3,1,1,1,4,1,1,2,real,225,409,158,158,82,468,551,132,113,90,537,105,15,37,7,27,33.317738791423004,88.46296296296296,0.8460038986354775,42.80162768031187,8.052004390458574,28.958904109589042,83.293542074364,0.799412915851272,37.680107632093964,8.15393091125365,29.38246628131021,83.92485549132948,0.8111753371868978,38.34856454720618,8.17085172625579,25.67872340425532,79.61914893617022,0.7382978723404255,33.988191489361675,8.40724652420863,26.741346153846155,80.83173076923077,0.7490384615384615,35.20224999999999,8.323916821683367,2.6564207077026367,1.0105472990914621
0,4,1,1,2,4,1,1,2,3,1,1,1,4,1,1,2,real,225,409,158,158,82,468,551,132,113,90,537,105,15,35,5,27,34.71914480077746,90.10301263362489,0.9076773566569485,44.465432458697784,8.00648380291118,33.903225806451616,88.58162267839687,0.844574780058651,42.967497556207235,8.301661012042706,31.528846153846153,86.05288461538461,0.8211538461538461,40.42165384615383,8.352748603910774,26.669851380042463,80.74203821656052,0.7579617834394905,35.08543524416135,8.438024184092958,31.398095238095237,85.76476190476191,0.8304761904761905,40.186609523809516,8.38238070253739,2.843360424041748,3.2862673987557427
0,4,1,1,2,4,1,1,2,3,1,1,1,4,1,1,2,real,225,409,158,158,82,468,551,132,113,90,537,105,15,35,7,29,33.421052631578945,88.61208576998051,0.8460038986354775,42.96420077972711,8.046490486317671,28.95,83.30686274509804,0.7980392156862746,37.69922549019611,8.144902266766055,29.209864603481623,83.68471953578337,0.8123791102514507,38.09989361702125,8.19590413688353,25.79383634431456,79.60255047821467,0.7460148777895855,33.964357066950086,8.407556879719957,26.86826923076923,80.92596153846154,0.7615384615384615,35.31508653846156,8.311688854650406,2.8124523162841797,1.0133507648323898
0,4,1,1,2,4,1,1,2,3,1,1,1,4,1,1,2,real,225,409,158,158,82,468,551,132,113,90,537,105,14,37,7,27,35.61127308066084,90.99028182701652,0.8901846452866861,45.34660835762876,7.926951297286597,28.21887159533074,82.4192607003891,0.7811284046692607,36.824912451361875,8.287888752080509,30.036644165863066,84.61812921890068,0.8264223722275795,39.019296046287344,8.155346262361642,26.036919831223628,79.97679324894514,0.7616033755274262,34.34089662447259,8.38348574131221,26.050814956855227,80.14477468839885,0.7612655800575263,34.53841802492812,8.352852710162043,2.843794584274292,1.4167984103240598
0,4,1,1,2,4,1,1,2,3,1,1,1,4,1,1,2,real,225,409,158,158,82,468,551,132,113,90,537,105,15,36,7,27,33.20251937984496,88.25387596899225,0.8604651162790697,42.604379844961166,7.963470818665724,26.8600583090379,80.95918367346938,0.7735665694849369,35.35623906705543,8.318467498477494,29.56153846153846,84.09038461538462,0.8211538461538461,38.494249999999965,8.111959601898214,25.732840549102427,79.63041182682154,0.7602956705385427,34.00991552270325,8.368170803126555,26.030680728667306,80.0738255033557,0.7651006711409396,34.46480345158192,8.349060250726092,2.843721866607666,0.3792783718165452
0,4,1,1,2,4,1,1,2,3,1,1,1,4,1,1,2,real,225,409,158,158,82,468,551,132,113,90,537,105,15,37,5,27,36.510763209393346,91.86790606653621,0.9158512720156555,46.20462818003914,7.922215698986157,33.08777120315582,87.68934911242603,0.8372781065088757,42.08478303747538,8.333548671746222,33.234723569350145,88.03782735208536,0.8593598448108632,42.43316197866148,8.21345691671728,26.847547974413647,80.85287846481876,0.7526652452025586,35.2420362473348,8.461201378916783,31.517374517374517,85.83687258687259,0.8156370656370656,40.25076254826258,8.397166435251798,2.7187037467956543,4.201788513311309
0,4,1,1,2,4,1,1,2,3,1,1,1,4,1,1,2,real,225,409,158,158,82,468,551,132,113,90,537,105,15,37,7,29,33.576139670223085,88.72647914645975,0.8409311348205626,43.09710960232781,8.024937173566144,30.477582846003898,84.88011695906432,0.7982456140350878,39.240594541910305,8.124334086812448,29.35666347075743,83.86577181208054,0.785234899328859,38.24340364333649,8.163800633871503,27.03707627118644,81.05084745762711,0.7648305084745762,35.44320974576273,8.309372886752719,26.094736842105263,80.13014354066986,0.7502392344497608,34.53500478468902,8.3868947235138,2.874990701675415,1.7119927741470917
0,4,1,1,2,4,1,1,2,3,1,1,1,4,1,1,2,real,225,409,158,158,82,468,551,132,113,90,537,105,16,36,7,27,31.648884578079535,86.64306498545102,0.8273520853540253,40.982395732298706,8.109146596918663,28.569471624266146,82.8972602739726,0.799412915851272,37.273131115459876,8.14236817234867,29.41947926711668,83.96528447444551,0.81099324975892,38.39386692381876,8.146239334976094,25.595111583421893,79.61105207226355,0.742826780021254,33.97094580233794,8.387306499570927,26.925,81.05576923076923,0.7557692307692307,35.433153846153814,8.297867550788228,2.8750343322753906,0.6686298981752202
0,4,1,1,2,4,1,1,2,3,1,1,1,4,1,1,2,real,225,409,158,158,82,468,551,132,113,90,537,105,15,38,7,27,33.17857142857143,88.26737451737452,0.8301158301158301,42.599324324324236,8.07999681806125,29.021379980563655,83.29348882410108,0.7881438289601554,37.67592808551994,8.201007237737311,27.357685009487668,81.59677419354838,0.7760910815939279,35.9948292220114,8.29247649483932,26.29206349206349,80.24232804232804,0.7523809523809524,34.592359788359744,8.347354973881407,25.19637750238322,79.08484270734033,0.7302192564346998,33.454880838894205,8.47538863793194,2.89076828956604,-0.2954866679639906
0,4,1,1,2,4,1,1,2,3,1,1,1,4,1,1,2,real,225,409,158,158,82,468,551,132,113,90,537,105,15,36,8,27,33.37719298245614,88.62183235867447,0.8489278752436648,42.97241715399609,8.025638992248274,26.939275220372185,81.2722820763957,0.7806072477962782,35.65438785504413,8.208923651834775,29.13160422670509,83.73198847262248,0.8107588856868396,38.13215177713739,8.16372617349296,25.76139978791092,79.73276776246023,0.7423117709437964,34.09138918345698,8.368705588307414,26.076775431861805,80.15355086372361,0.7485604606525912,34.51377159309026,8.324635964601438,2.859274387359619,0.519223565805575
0,4,1,1,2,4,1,1,2,3,1,1,1,4,1,1,2,real,225,409,158,158,82,468,551,132,113,90,537,105,15,36,7,29,33.457364341085274,88.64922480620154,0.8430232558139535,42.99151162790704,8.051842446867703,29.35672514619883,83.69200779727096,0.7992202729044834,38.07035087719299,8.154000917962435,27.489990467111536,81.72449952335558,0.775023832221163,36.150066730219244,8.270425946836003,26.548250265111346,80.6203605514316,0.7560975609756098,34.96933191940616,8.314150544601368,25.717142857142857,79.71142857142857,0.7428571428571429,34.10417142857141,8.398729736581963,2.859281301498413,0.5012050642387095
